{
      "meta": {
        "id": "prs_t3",
        "base": "",
        "origin": "",
        "artist": "_",
        "title": "T3",
        "note": "T3パズルのロゴをつくりました"
      },
      "orientation": 3.1415855821521044,
      "tiles": [
        [2, 0, 0, 1, 0, 0, 0],
        [2, 0, 1, 1, 1, 0, 0],
        [2, 1, 0, 0, 1, 0, 0],
        [1, 1, 0, 0, 1, 0, 0],
        [2, 1, 1, 0, 0, 0, 0],
        [2, -1, 1, 1, 1, 0, 0],
        [2, -1, 0, 1, 0, 0, 0],
        [1, -1, 0, 1, 1, 0, 0],
        [1, -1, 1, 1, 0, 0, 0],
        [1, 0, 1, 1, 0, 0, 0],
        [1, 0, 0, 1, 1, 0, 0],
        [1, 1, 1, 0, 0, 0, 0],
        [0, 1, 0, 1, 0, 0, 0],
        [0, 1, 1, 0, 0, 0, 0],
        [-1, 1, 0, 0, 1, 0, 0],
        [-1, 0, 1, 1, 1, 0, 0],
        [-1, 0, 0, 0, 1, 0, 0],
        [-1, -1, 1, 1, 1, 0, 0],
        [-1, -1, 0, 0, 1, 0, 0],
        [0, -1, 0, 1, 0, 0, 0],
        [0, -1, 1, 0, 0, 0, 0],
        [0, 0, 0, 1, 0, 0, 0],
        [0, 0, 1, 0, 0, 0, 0],
        [-1, 1, 1, 0, 0, 0, 0]
      ]
}
